text,category,priority,is_synthetic
Door-to-door waste collection vehicle has not visited area for past 5 days. Citizens in our locality are suffering great inconvenience.,Sanitation,MEDIUM,True
Mid-day meal quality provided to elementary students is stale and unsafe.,Education,CRITICAL,True
Pension payment not credited to senior citizen account for 2 consecutive months. Kindly look into this matter urgently.,Other,HIGH,True
Encumbrance certificate issuance online portal server error. This issue has been persisting for several weeks now.,Revenue,LOW,True
Open sewage drain overflowing onto main street creating severe health hazard.,Sanitation,CRITICAL,True
"Major water pipe burst near main crossroad, thousands of gallons wasted and road flooded. Reference previous complaint number submitted last month.",Water Supply,CRITICAL,True
Public park maintenance and grass cutting neglected by horticulture division. Please send inspection team at the earliest.,Other,LOW,True
Ambulance helpline 108 did not respond for over 45 minutes during medical emergency. Requesting immediate intervention from higher authorities.,Healthcare,CRITICAL,True
LPG cooking gas cylinder delivery delayed by over 10 days. Requesting immediate intervention from higher authorities.,Other,MEDIUM,True
Noise pollution from unauthorized commercial loudspeakers late at night. This issue has been persisting for several weeks now.,Municipal Services,MEDIUM,True
Water bill incorrect for consumer ID W-98421. Overcharged by Rs 2500. Area residents have filed joint representation regarding this.,Water Supply,LOW,True
Employment exchange registration card renewal portal link broken. Please resolve this issue as soon as possible.,Other,LOW,True
Delay in issuance of birth certificate after submission of all documents 30 days ago. Please send inspection team at the earliest.,Municipal Services,LOW,True
Voltage fluctuations damaged home electronics appliances like refrigerator and AC.,Electricity,HIGH,True
Primary Health Centre lacks essential emergency medicines and life-saving drugs. Area residents have filed joint representation regarding this.,Healthcare,CRITICAL,True
Ambulance helpline 108 did not respond for over 45 minutes during medical emergency. Area residents have filed joint representation regarding this.,Healthcare,CRITICAL,True
Free textbook distribution delayed for academic session 2026-27.,Education,LOW,True
Free textbook distribution delayed for academic session 2026-27. Please resolve this issue as soon as possible.,Education,LOW,True
Street lights not working on Main Ring Road for over two weeks. Please send inspection team at the earliest.,Electricity,MEDIUM,True
Building plan sanction approval delayed past statutory period.,Municipal Services,MEDIUM,True
Public bus service route 45 cancelled without prior notice during morning peak hours. Kindly look into this matter urgently.,Roads and Transport,MEDIUM,True
Deep dangerous potholes on MG Road causing frequent accidents and traffic congestion. Requesting immediate intervention from higher authorities.,Roads and Transport,HIGH,True
Errors in land ownership record (Khatauni) after digital record migration. Multiple reminders submitted to local ward officer but no action taken.,Revenue,HIGH,True
Frequent unannounced power outages occurring daily from 2 PM to 6 PM in Sector 15. Area residents have filed joint representation regarding this.,Electricity,MEDIUM,True
Traffic light signal out of order at Major Intersection causing gridlock. Please send inspection team at the earliest.,Roads and Transport,MEDIUM,True
High electricity bill generated for closed house during vacation period. Please send inspection team at the earliest.,Electricity,LOW,True
Cyber fraud complaint regarding unauthorized UPI debit transaction from bank account. Area residents have filed joint representation regarding this.,Other,CRITICAL,True
Death certificate correction request pending at zonal ward office. Hoping for a quick resolution from government portal.,Municipal Services,LOW,True
Doctor asking for extra fee payment outside official prescription billing. Requesting immediate intervention from higher authorities.,Healthcare,HIGH,True
Open sewage drain overflowing onto main street creating severe health hazard. Citizens in our locality are suffering great inconvenience.,Sanitation,CRITICAL,True
Consumer grievance regarding defective electronic product sold by store. Multiple reminders submitted to local ward officer but no action taken.,Other,LOW,True
Delay in installing new smart meter for application number ELEC-2026-44.,Electricity,LOW,True
Lack of functional toilets for girl students in District High School. Citizens in our locality are suffering great inconvenience.,Education,HIGH,True
Delay in issuing caste and domicile certificates required for college admission. Please resolve this issue as soon as possible.,Revenue,MEDIUM,True
Electric pole bent dangerously after heavy storm near primary school gate. Multiple reminders submitted to local ward officer but no action taken.,Electricity,CRITICAL,True
Doctor asking for extra fee payment outside official prescription billing. Requesting immediate intervention from higher authorities.,Healthcare,HIGH,True
Requesting new domestic water connection application status update. Hoping for a quick resolution from government portal.,Water Supply,LOW,True
Delay in installing new smart meter for application number ELEC-2026-44. Requesting immediate intervention from higher authorities.,Electricity,LOW,True
Ration card member addition application pending at food supply office. Reference previous complaint number submitted last month.,Other,LOW,True
"Transformer sparked and caught fire near residential building, live wire dangling on street.",Electricity,CRITICAL,True
Discrepancy in property valuation rate calculated for registration fee. Area residents have filed joint representation regarding this.,Revenue,LOW,True
No water supply in Ward 12 for the past 4 days. Drinking water pipeline seems broken. Multiple reminders submitted to local ward officer but no action taken.,Water Supply,HIGH,True
Discrepancy in property valuation rate calculated for registration fee. Kindly look into this matter urgently.,Revenue,LOW,True
Complaining against rude behavior of staff at blood bank desk. Requesting immediate intervention from higher authorities.,Healthcare,LOW,True
Errors in land ownership record (Khatauni) after digital record migration. Requesting immediate intervention from higher authorities.,Revenue,HIGH,True
X-ray machine out of service for two weeks in community health post. Please resolve this issue as soon as possible.,Healthcare,MEDIUM,True
Contaminated yellowish water coming from tap in Shastri Nagar. Children falling sick. Area residents have filed joint representation regarding this.,Water Supply,CRITICAL,True
Commercial shop dumping chemical waste directly into public storm drain. Requesting immediate intervention from higher authorities.,Sanitation,CRITICAL,True
Errors in land ownership record (Khatauni) after digital record migration. Requesting immediate intervention from higher authorities.,Revenue,HIGH,True
Shortage of mathematics and science teachers in senior secondary school for 6 months. Multiple reminders submitted to local ward officer but no action taken.,Education,MEDIUM,True
Primary Health Centre lacks essential emergency medicines and life-saving drugs. Please resolve this issue as soon as possible.,Healthcare,CRITICAL,True
Land survey measurement application pending with revenue inspector for 3 months.,Revenue,MEDIUM,True
Commercial shop dumping chemical waste directly into public storm drain. Hoping for a quick resolution from government portal.,Sanitation,CRITICAL,True
Ration card member addition application pending at food supply office. Requesting immediate intervention from higher authorities.,Other,LOW,True
X-ray machine out of service for two weeks in community health post. Please resolve this issue as soon as possible.,Healthcare,MEDIUM,True
Death certificate correction request pending at zonal ward office. Please resolve this issue as soon as possible.,Municipal Services,LOW,True
"Low water pressure in 3rd Floor, Green Park Apartments since last week.",Water Supply,MEDIUM,True
Bridge expansion joint loose and creating severe vibration for heavy vehicles. Requesting immediate intervention from higher authorities.,Roads and Transport,CRITICAL,True
Low voltage issue in rural feeder line causing irrigation pump failure. Reference previous complaint number submitted last month.,Electricity,HIGH,True
Land survey measurement application pending with revenue inspector for 3 months. Reference previous complaint number submitted last month.,Revenue,MEDIUM,True
"Low water pressure in 3rd Floor, Green Park Apartments since last week. Please resolve this issue as soon as possible.",Water Supply,MEDIUM,True
Bridge expansion joint loose and creating severe vibration for heavy vehicles. Area residents have filed joint representation regarding this.,Roads and Transport,CRITICAL,True
Electricity meter box uncovered and exposed to rain water near market entry. Multiple reminders submitted to local ward officer but no action taken.,Electricity,HIGH,True
"Public toilet in bus stand premises filthy, clogged, and lacks water. Area residents have filed joint representation regarding this.",Sanitation,HIGH,True
Scholarship disbursement delayed for SC ST welfare students. Kindly look into this matter urgently.,Education,MEDIUM,True
Garbage overflow from community dustbin spreading terrible foul smell and flies. Please send inspection team at the earliest.,Sanitation,HIGH,True
High electricity bill generated for closed house during vacation period.,Electricity,LOW,True
Doctor asking for extra fee payment outside official prescription billing.,Healthcare,HIGH,True
Stamp duty refund request pending with Treasury department. Please resolve this issue as soon as possible.,Revenue,LOW,True
Street lights not working on Main Ring Road for over two weeks. Requesting immediate intervention from higher authorities.,Electricity,MEDIUM,True
Drains along arterial road clogged causing severe waterlogging during rain. Area residents have filed joint representation regarding this.,Roads and Transport,HIGH,True
Non-availability of anti-rabies vaccine after dog bite incident. Kindly look into this matter urgently.,Healthcare,HIGH,True
No water supply in Ward 12 for the past 4 days. Drinking water pipeline seems broken. Please send inspection team at the earliest.,Water Supply,HIGH,True
Pension payment not credited to senior citizen account for 2 consecutive months. Please resolve this issue as soon as possible.,Other,HIGH,True
No water supply in Ward 12 for the past 4 days. Drinking water pipeline seems broken. Requesting immediate intervention from higher authorities.,Water Supply,HIGH,True
Water tanker not arrived despite booking paid three days ago. Multiple reminders submitted to local ward officer but no action taken.,Water Supply,HIGH,True
Road resurfacing work left incomplete with loose gravel left everywhere.,Roads and Transport,MEDIUM,True
Drains along arterial road clogged causing severe waterlogging during rain. Requesting immediate intervention from higher authorities.,Roads and Transport,HIGH,True
"Major water pipe burst near main crossroad, thousands of gallons wasted and road flooded. This issue has been persisting for several weeks now.",Water Supply,CRITICAL,True
No water supply in Ward 12 for the past 4 days. Drinking water pipeline seems broken. Requesting immediate intervention from higher authorities.,Water Supply,HIGH,True
Property tax online payment portal showing error and transaction failed status. Citizens in our locality are suffering great inconvenience.,Municipal Services,LOW,True
Cleanliness and hygiene conditions in ward 4 of district hospital are extremely poor. Requesting immediate intervention from higher authorities.,Healthcare,HIGH,True
Drinking water filter in primary school out of order. This issue has been persisting for several weeks now.,Education,MEDIUM,True
Drain cleaning debris left on roadside without removal. Please send inspection team at the earliest.,Sanitation,LOW,True
Delay in issuing caste and domicile certificates required for college admission. Area residents have filed joint representation regarding this.,Revenue,MEDIUM,True
Playground encroached by local construction material dumping. Area residents have filed joint representation regarding this.,Education,LOW,True
Public bus service route 45 cancelled without prior notice during morning peak hours. Area residents have filed joint representation regarding this.,Roads and Transport,MEDIUM,True
Government hospital doctor absent during duty hours in casualty department. Reference previous complaint number submitted last month.,Healthcare,CRITICAL,True
Water bill incorrect for consumer ID W-98421. Overcharged by Rs 2500. Multiple reminders submitted to local ward officer but no action taken.,Water Supply,LOW,True
Ration card member addition application pending at food supply office. Citizens in our locality are suffering great inconvenience.,Other,LOW,True
Water tanker not arrived despite booking paid three days ago. This issue has been persisting for several weeks now.,Water Supply,HIGH,True
Lack of proper street signage and reflectors on bypass highway curve.,Roads and Transport,LOW,True
RTE admission application rejected without valid reason by private school.,Education,MEDIUM,True
Water tanker not arrived despite booking paid three days ago. Please resolve this issue as soon as possible.,Water Supply,HIGH,True
High electricity bill generated for closed house during vacation period. Kindly look into this matter urgently.,Electricity,LOW,True
Decomposing animal carcass lying on road side near market area. Please send inspection team at the earliest.,Sanitation,HIGH,True
"Irregular municipal water supply timings in Block B, Janakpuri.",Water Supply,MEDIUM,True
Non-availability of anti-rabies vaccine after dog bite incident.,Healthcare,HIGH,True
Telecom tower radiation concern near residential apartment building. Requesting immediate intervention from higher authorities.,Other,LOW,True
Speed breaker required near government high school zone to prevent rash driving. Please resolve this issue as soon as possible.,Roads and Transport,LOW,True
Pension payment not credited to senior citizen account for 2 consecutive months. Hoping for a quick resolution from government portal.,Other,HIGH,True
Frequent unannounced power outages occurring daily from 2 PM to 6 PM in Sector 15. Multiple reminders submitted to local ward officer but no action taken.,Electricity,MEDIUM,True
Computer lab equipment non-functional and lacking internet connection. Area residents have filed joint representation regarding this.,Education,LOW,True
Speed breaker required near government high school zone to prevent rash driving. Multiple reminders submitted to local ward officer but no action taken.,Roads and Transport,LOW,True
Government school building roof leaking severely and ceiling plaster falling in classroom. Kindly look into this matter urgently.,Education,CRITICAL,True
"Transformer sparked and caught fire near residential building, live wire dangling on street. Citizens in our locality are suffering great inconvenience.",Electricity,CRITICAL,True
Illegal parking blocking pedestrian footpath near metro station exit. Hoping for a quick resolution from government portal.,Roads and Transport,LOW,True
Drinking water filter in primary school out of order. Multiple reminders submitted to local ward officer but no action taken.,Education,MEDIUM,True
Bribery demand by patwari for updating land record mutation entry. Hoping for a quick resolution from government portal.,Revenue,CRITICAL,True
Employment exchange registration card renewal portal link broken. Reference previous complaint number submitted last month.,Other,LOW,True
Noise pollution from unauthorized commercial loudspeakers late at night. Please send inspection team at the earliest.,Municipal Services,MEDIUM,True
Road resurfacing work left incomplete with loose gravel left everywhere. Please resolve this issue as soon as possible.,Roads and Transport,MEDIUM,True
Contaminated yellowish water coming from tap in Shastri Nagar. Children falling sick. Please send inspection team at the earliest.,Water Supply,CRITICAL,True
Dangerous dead tree branch hanging over road needing immediate trimming. Reference previous complaint number submitted last month.,Municipal Services,HIGH,True
High electricity bill generated for closed house during vacation period. Please send inspection team at the earliest.,Electricity,LOW,True
"Public toilet in bus stand premises filthy, clogged, and lacks water. Multiple reminders submitted to local ward officer but no action taken.",Sanitation,HIGH,True
"Irregular municipal water supply timings in Block B, Janakpuri. Multiple reminders submitted to local ward officer but no action taken.",Water Supply,MEDIUM,True
Lack of proper street signage and reflectors on bypass highway curve. Please resolve this issue as soon as possible.,Roads and Transport,LOW,True
Cyber fraud complaint regarding unauthorized UPI debit transaction from bank account. Please send inspection team at the earliest.,Other,CRITICAL,True
RTI application response not provided within 30 days statutory limit. Please send inspection team at the earliest.,Other,MEDIUM,True
"Transformer sparked and caught fire near residential building, live wire dangling on street. Citizens in our locality are suffering great inconvenience.",Electricity,CRITICAL,True
Ambulance helpline 108 did not respond for over 45 minutes during medical emergency.,Healthcare,CRITICAL,True
Death certificate correction request pending at zonal ward office. Reference previous complaint number submitted last month.,Municipal Services,LOW,True
Delay in installing new smart meter for application number ELEC-2026-44. Area residents have filed joint representation regarding this.,Electricity,LOW,True
"Major water pipe burst near main crossroad, thousands of gallons wasted and road flooded. Requesting immediate intervention from higher authorities.",Water Supply,CRITICAL,True
Stamp duty refund request pending with Treasury department. Area residents have filed joint representation regarding this.,Revenue,LOW,True
Discrepancy in property valuation rate calculated for registration fee.,Revenue,LOW,True
Deep dangerous potholes on MG Road causing frequent accidents and traffic congestion. Area residents have filed joint representation regarding this.,Roads and Transport,HIGH,True
Public park maintenance and grass cutting neglected by horticulture division.,Other,LOW,True
Street lights not working on Main Ring Road for over two weeks. Requesting immediate intervention from higher authorities.,Electricity,MEDIUM,True
Low voltage issue in rural feeder line causing irrigation pump failure.,Electricity,HIGH,True
Contaminated yellowish water coming from tap in Shastri Nagar. Children falling sick. Hoping for a quick resolution from government portal.,Water Supply,CRITICAL,True
Traffic light signal out of order at Major Intersection causing gridlock. Citizens in our locality are suffering great inconvenience.,Roads and Transport,MEDIUM,True
Discrepancy in property valuation rate calculated for registration fee. Multiple reminders submitted to local ward officer but no action taken.,Revenue,LOW,True
Cyber fraud complaint regarding unauthorized UPI debit transaction from bank account. Requesting immediate intervention from higher authorities.,Other,CRITICAL,True
Ambulance helpline 108 did not respond for over 45 minutes during medical emergency. Area residents have filed joint representation regarding this.,Healthcare,CRITICAL,True
Lack of proper street signage and reflectors on bypass highway curve. Multiple reminders submitted to local ward officer but no action taken.,Roads and Transport,LOW,True
Public water fountain in sector park is leaking continuously. Multiple reminders submitted to local ward officer but no action taken.,Water Supply,LOW,True
Land survey measurement application pending with revenue inspector for 3 months. Hoping for a quick resolution from government portal.,Revenue,MEDIUM,True
Trade license renewal application pending approval for 2 months. Requesting immediate intervention from higher authorities.,Municipal Services,LOW,True
Delay in issuance of birth certificate after submission of all documents 30 days ago. Please send inspection team at the earliest.,Municipal Services,LOW,True
Contaminated yellowish water coming from tap in Shastri Nagar. Children falling sick. Hoping for a quick resolution from government portal.,Water Supply,CRITICAL,True
Government hospital doctor absent during duty hours in casualty department. Reference previous complaint number submitted last month.,Healthcare,CRITICAL,True
Encroachment on government revenue land by local land mafia.,Revenue,HIGH,True
Water tanker not arrived despite booking paid three days ago. Area residents have filed joint representation regarding this.,Water Supply,HIGH,True
Delay in issuing caste and domicile certificates required for college admission. Area residents have filed joint representation regarding this.,Revenue,MEDIUM,True
Noise pollution from unauthorized commercial loudspeakers late at night.,Municipal Services,MEDIUM,True
Stamp duty refund request pending with Treasury department. Area residents have filed joint representation regarding this.,Revenue,LOW,True
Mid-day meal quality provided to elementary students is stale and unsafe. Please resolve this issue as soon as possible.,Education,CRITICAL,True
Mosquito breeding in stagnant water near residential colony leading to dengue cases. Please send inspection team at the earliest.,Sanitation,HIGH,True
RTE admission application rejected without valid reason by private school. Multiple reminders submitted to local ward officer but no action taken.,Education,MEDIUM,True
Government school building roof leaking severely and ceiling plaster falling in classroom. Hoping for a quick resolution from government portal.,Education,CRITICAL,True
Stray dog menace in residential colony with multiple biting incidents reported. Requesting immediate intervention from higher authorities.,Municipal Services,HIGH,True
LPG cooking gas cylinder delivery delayed by over 10 days. Please resolve this issue as soon as possible.,Other,MEDIUM,True
Public bus service route 45 cancelled without prior notice during morning peak hours. Please send inspection team at the earliest.,Roads and Transport,MEDIUM,True
Lack of functional toilets for girl students in District High School. Citizens in our locality are suffering great inconvenience.,Education,HIGH,True
Free textbook distribution delayed for academic session 2026-27. Requesting immediate intervention from higher authorities.,Education,LOW,True
Telecom tower radiation concern near residential apartment building.,Other,LOW,True
Building plan sanction approval delayed past statutory period. Requesting immediate intervention from higher authorities.,Municipal Services,MEDIUM,True
Road resurfacing work left incomplete with loose gravel left everywhere. Reference previous complaint number submitted last month.,Roads and Transport,MEDIUM,True
Public park maintenance and grass cutting neglected by horticulture division. This issue has been persisting for several weeks now.,Other,LOW,True
LPG cooking gas cylinder delivery delayed by over 10 days. Area residents have filed joint representation regarding this.,Other,MEDIUM,True
Encumbrance certificate issuance online portal server error. Citizens in our locality are suffering great inconvenience.,Revenue,LOW,True
Telecom tower radiation concern near residential apartment building. Please send inspection team at the earliest.,Other,LOW,True
Playground encroached by local construction material dumping. Area residents have filed joint representation regarding this.,Education,LOW,True
"Public toilet in bus stand premises filthy, clogged, and lacks water. Kindly look into this matter urgently.",Sanitation,HIGH,True
"Public toilet in bus stand premises filthy, clogged, and lacks water. Area residents have filed joint representation regarding this.",Sanitation,HIGH,True
No electricity in entire colony since 10 PM yesterday despite multiple calls. Requesting immediate intervention from higher authorities.,Electricity,HIGH,True
No electricity in entire colony since 10 PM yesterday despite multiple calls. Reference previous complaint number submitted last month.,Electricity,HIGH,True
RTI application response not provided within 30 days statutory limit.,Other,MEDIUM,True
Traffic light signal out of order at Major Intersection causing gridlock. Please send inspection team at the earliest.,Roads and Transport,MEDIUM,True
X-ray machine out of service for two weeks in community health post. Please send inspection team at the earliest.,Healthcare,MEDIUM,True
Complaining against rude behavior of staff at blood bank desk. Reference previous complaint number submitted last month.,Healthcare,LOW,True
Sewage water mixing with drinking water line near community center.,Water Supply,CRITICAL,True
Electric pole bent dangerously after heavy storm near primary school gate. Requesting immediate intervention from higher authorities.,Electricity,CRITICAL,True
Stray dog menace in residential colony with multiple biting incidents reported. Hoping for a quick resolution from government portal.,Municipal Services,HIGH,True
Lack of functional toilets for girl students in District High School. This issue has been persisting for several weeks now.,Education,HIGH,True
Delay in issuance of birth certificate after submission of all documents 30 days ago. This issue has been persisting for several weeks now.,Municipal Services,LOW,True
Free textbook distribution delayed for academic session 2026-27. Please resolve this issue as soon as possible.,Education,LOW,True
RTI application response not provided within 30 days statutory limit. This issue has been persisting for several weeks now.,Other,MEDIUM,True
Decomposing animal carcass lying on road side near market area. Multiple reminders submitted to local ward officer but no action taken.,Sanitation,HIGH,True
Street lights not working on Main Ring Road for over two weeks. Multiple reminders submitted to local ward officer but no action taken.,Electricity,MEDIUM,True
Consumer grievance regarding defective electronic product sold by store.,Other,LOW,True
Requesting new domestic water connection application status update. Requesting immediate intervention from higher authorities.,Water Supply,LOW,True
"Low water pressure in 3rd Floor, Green Park Apartments since last week. Citizens in our locality are suffering great inconvenience.",Water Supply,MEDIUM,True
Requesting new domestic water connection application status update. Please send inspection team at the earliest.,Water Supply,LOW,True
Overloaded dump trucks causing road collapse near river bridge construction site. Reference previous complaint number submitted last month.,Roads and Transport,CRITICAL,True
Playground encroached by local construction material dumping. Reference previous complaint number submitted last month.,Education,LOW,True
Stamp duty refund request pending with Treasury department. Requesting immediate intervention from higher authorities.,Revenue,LOW,True
"Irregular municipal water supply timings in Block B, Janakpuri. Kindly look into this matter urgently.",Water Supply,MEDIUM,True
Contaminated yellowish water coming from tap in Shastri Nagar. Children falling sick. Kindly look into this matter urgently.,Water Supply,CRITICAL,True
Shortage of mathematics and science teachers in senior secondary school for 6 months. Reference previous complaint number submitted last month.,Education,MEDIUM,True
Encroachment on government revenue land by local land mafia. Please send inspection team at the earliest.,Revenue,HIGH,True
Doctor asking for extra fee payment outside official prescription billing. Kindly look into this matter urgently.,Healthcare,HIGH,True
Government hospital doctor absent during duty hours in casualty department. Reference previous complaint number submitted last month.,Healthcare,CRITICAL,True
Delay in issuing caste and domicile certificates required for college admission.,Revenue,MEDIUM,True
Consumer grievance regarding defective electronic product sold by store. Area residents have filed joint representation regarding this.,Other,LOW,True
Cleanliness and hygiene conditions in ward 4 of district hospital are extremely poor. Reference previous complaint number submitted last month.,Healthcare,HIGH,True
Telecom tower radiation concern near residential apartment building. Requesting immediate intervention from higher authorities.,Other,LOW,True
Overloaded dump trucks causing road collapse near river bridge construction site. Requesting immediate intervention from higher authorities.,Roads and Transport,CRITICAL,True
Sanitation workers burning dry leaves and plastic waste causing toxic smoke. Please send inspection team at the earliest.,Sanitation,MEDIUM,True
Trade license renewal application pending approval for 2 months. Requesting immediate intervention from higher authorities.,Municipal Services,LOW,True
Electricity meter box uncovered and exposed to rain water near market entry.,Electricity,HIGH,True
"Public toilet in bus stand premises filthy, clogged, and lacks water. This issue has been persisting for several weeks now.",Sanitation,HIGH,True
RTE admission application rejected without valid reason by private school. Citizens in our locality are suffering great inconvenience.,Education,MEDIUM,True
Requesting extra dustbin placement near vegetable market. Please resolve this issue as soon as possible.,Sanitation,LOW,True
Electric pole bent dangerously after heavy storm near primary school gate.,Electricity,CRITICAL,True
Requesting new domestic water connection application status update. Multiple reminders submitted to local ward officer but no action taken.,Water Supply,LOW,True
Water bill incorrect for consumer ID W-98421. Overcharged by Rs 2500. Citizens in our locality are suffering great inconvenience.,Water Supply,LOW,True
Mid-day meal quality provided to elementary students is stale and unsafe. Requesting immediate intervention from higher authorities.,Education,CRITICAL,True
X-ray machine out of service for two weeks in community health post. Kindly look into this matter urgently.,Healthcare,MEDIUM,True
Doctor asking for extra fee payment outside official prescription billing. This issue has been persisting for several weeks now.,Healthcare,HIGH,True
Illegal hoarding board installed without municipal permit blocking traffic view. Area residents have filed joint representation regarding this.,Municipal Services,LOW,True
Government school building roof leaking severely and ceiling plaster falling in classroom.,Education,CRITICAL,True
Primary Health Centre lacks essential emergency medicines and life-saving drugs. Requesting immediate intervention from higher authorities.,Healthcare,CRITICAL,True
Voltage fluctuations damaged home electronics appliances like refrigerator and AC. Citizens in our locality are suffering great inconvenience.,Electricity,HIGH,True
Doctor asking for extra fee payment outside official prescription billing. Citizens in our locality are suffering great inconvenience.,Healthcare,HIGH,True
Requesting new domestic water connection application status update. Requesting immediate intervention from higher authorities.,Water Supply,LOW,True
Encroachment on municipal public park land by private vendor structure. Multiple reminders submitted to local ward officer but no action taken.,Municipal Services,MEDIUM,True
Sanitation workers burning dry leaves and plastic waste causing toxic smoke.,Sanitation,MEDIUM,True
Water tanker not arrived despite booking paid three days ago.,Water Supply,HIGH,True
"Low water pressure in 3rd Floor, Green Park Apartments since last week. Kindly look into this matter urgently.",Water Supply,MEDIUM,True
Complaining against rude behavior of staff at blood bank desk. Area residents have filed joint representation regarding this.,Healthcare,LOW,True
Bridge expansion joint loose and creating severe vibration for heavy vehicles. Multiple reminders submitted to local ward officer but no action taken.,Roads and Transport,CRITICAL,True
Building plan sanction approval delayed past statutory period. This issue has been persisting for several weeks now.,Municipal Services,MEDIUM,True
Cyber fraud complaint regarding unauthorized UPI debit transaction from bank account. Citizens in our locality are suffering great inconvenience.,Other,CRITICAL,True
Errors in land ownership record (Khatauni) after digital record migration.,Revenue,HIGH,True
No electricity in entire colony since 10 PM yesterday despite multiple calls.,Electricity,HIGH,True
Scholarship disbursement delayed for SC ST welfare students. Please resolve this issue as soon as possible.,Education,MEDIUM,True
Scholarship disbursement delayed for SC ST welfare students. Area residents have filed joint representation regarding this.,Education,MEDIUM,True
Noise pollution from unauthorized commercial loudspeakers late at night. Please send inspection team at the earliest.,Municipal Services,MEDIUM,True
Drinking water filter in primary school out of order. Area residents have filed joint representation regarding this.,Education,MEDIUM,True
Speed breaker required near government high school zone to prevent rash driving. Area residents have filed joint representation regarding this.,Roads and Transport,LOW,True
Illegal parking blocking pedestrian footpath near metro station exit. Multiple reminders submitted to local ward officer but no action taken.,Roads and Transport,LOW,True
Government school building roof leaking severely and ceiling plaster falling in classroom. Reference previous complaint number submitted last month.,Education,CRITICAL,True
Electricity meter box uncovered and exposed to rain water near market entry. Citizens in our locality are suffering great inconvenience.,Electricity,HIGH,True
Non-availability of anti-rabies vaccine after dog bite incident. Citizens in our locality are suffering great inconvenience.,Healthcare,HIGH,True
Government school building roof leaking severely and ceiling plaster falling in classroom. Citizens in our locality are suffering great inconvenience.,Education,CRITICAL,True
RTE admission application rejected without valid reason by private school. Hoping for a quick resolution from government portal.,Education,MEDIUM,True
Consumer grievance regarding defective electronic product sold by store. Kindly look into this matter urgently.,Other,LOW,True
Public water fountain in sector park is leaking continuously. Kindly look into this matter urgently.,Water Supply,LOW,True
Traffic light signal out of order at Major Intersection causing gridlock. Hoping for a quick resolution from government portal.,Roads and Transport,MEDIUM,True
Land boundary dispute resolution meeting postponed repeatedly. This issue has been persisting for several weeks now.,Revenue,MEDIUM,True
Requesting medical reimbursement status for Ayushman Bharat card claim. Multiple reminders submitted to local ward officer but no action taken.,Healthcare,LOW,True
Lack of proper street signage and reflectors on bypass highway curve. Citizens in our locality are suffering great inconvenience.,Roads and Transport,LOW,True
Free textbook distribution delayed for academic session 2026-27. Area residents have filed joint representation regarding this.,Education,LOW,True
Speed breaker required near government high school zone to prevent rash driving.,Roads and Transport,LOW,True
Frequent unannounced power outages occurring daily from 2 PM to 6 PM in Sector 15.,Electricity,MEDIUM,True
Employment exchange registration card renewal portal link broken. Please resolve this issue as soon as possible.,Other,LOW,True
Pollution control board complaint regarding factory noise and smoke emissions. Citizens in our locality are suffering great inconvenience.,Other,HIGH,True
Low voltage issue in rural feeder line causing irrigation pump failure. Hoping for a quick resolution from government portal.,Electricity,HIGH,True
Drain cleaning debris left on roadside without removal.,Sanitation,LOW,True
Public water fountain in sector park is leaking continuously. Please send inspection team at the earliest.,Water Supply,LOW,True
Lack of functional toilets for girl students in District High School. Multiple reminders submitted to local ward officer but no action taken.,Education,HIGH,True
Government school building roof leaking severely and ceiling plaster falling in classroom. Requesting immediate intervention from higher authorities.,Education,CRITICAL,True
Errors in land ownership record (Khatauni) after digital record migration. Kindly look into this matter urgently.,Revenue,HIGH,True
Lack of proper street signage and reflectors on bypass highway curve. Multiple reminders submitted to local ward officer but no action taken.,Roads and Transport,LOW,True
Government hospital doctor absent during duty hours in casualty department. Requesting immediate intervention from higher authorities.,Healthcare,CRITICAL,True
High electricity bill generated for closed house during vacation period. This issue has been persisting for several weeks now.,Electricity,LOW,True
Encroachment on government revenue land by local land mafia. Please resolve this issue as soon as possible.,Revenue,HIGH,True
Voltage fluctuations damaged home electronics appliances like refrigerator and AC. Citizens in our locality are suffering great inconvenience.,Electricity,HIGH,True
Property tax online payment portal showing error and transaction failed status. Area residents have filed joint representation regarding this.,Municipal Services,LOW,True
Land boundary dispute resolution meeting postponed repeatedly. Please send inspection team at the earliest.,Revenue,MEDIUM,True
Cleanliness and hygiene conditions in ward 4 of district hospital are extremely poor. Requesting immediate intervention from higher authorities.,Healthcare,HIGH,True
No water supply in Ward 12 for the past 4 days. Drinking water pipeline seems broken.,Water Supply,HIGH,True
Consumer grievance regarding defective electronic product sold by store. Please resolve this issue as soon as possible.,Other,LOW,True
Non-availability of anti-rabies vaccine after dog bite incident. Please resolve this issue as soon as possible.,Healthcare,HIGH,True
Decomposing animal carcass lying on road side near market area. Please send inspection team at the earliest.,Sanitation,HIGH,True
Stray dog menace in residential colony with multiple biting incidents reported. Please resolve this issue as soon as possible.,Municipal Services,HIGH,True
"Transformer sparked and caught fire near residential building, live wire dangling on street. Reference previous complaint number submitted last month.",Electricity,CRITICAL,True
Cleanliness and hygiene conditions in ward 4 of district hospital are extremely poor.,Healthcare,HIGH,True
Stamp duty refund request pending with Treasury department. Please resolve this issue as soon as possible.,Revenue,LOW,True
Pollution control board complaint regarding factory noise and smoke emissions. Requesting immediate intervention from higher authorities.,Other,HIGH,True
Open sewage drain overflowing onto main street creating severe health hazard. Requesting immediate intervention from higher authorities.,Sanitation,CRITICAL,True
No electricity in entire colony since 10 PM yesterday despite multiple calls. Reference previous complaint number submitted last month.,Electricity,HIGH,True
Shortage of mathematics and science teachers in senior secondary school for 6 months. Please send inspection team at the earliest.,Education,MEDIUM,True
Computer lab equipment non-functional and lacking internet connection. Hoping for a quick resolution from government portal.,Education,LOW,True
Cyber fraud complaint regarding unauthorized UPI debit transaction from bank account. Hoping for a quick resolution from government portal.,Other,CRITICAL,True
Stray dog menace in residential colony with multiple biting incidents reported. Citizens in our locality are suffering great inconvenience.,Municipal Services,HIGH,True
Cleanliness and hygiene conditions in ward 4 of district hospital are extremely poor. Kindly look into this matter urgently.,Healthcare,HIGH,True
Decomposing animal carcass lying on road side near market area. Citizens in our locality are suffering great inconvenience.,Sanitation,HIGH,True
"Irregular municipal water supply timings in Block B, Janakpuri. Multiple reminders submitted to local ward officer but no action taken.",Water Supply,MEDIUM,True
Non-availability of anti-rabies vaccine after dog bite incident. Multiple reminders submitted to local ward officer but no action taken.,Healthcare,HIGH,True
Road resurfacing work left incomplete with loose gravel left everywhere. Multiple reminders submitted to local ward officer but no action taken.,Roads and Transport,MEDIUM,True
Public park maintenance and grass cutting neglected by horticulture division. Requesting immediate intervention from higher authorities.,Other,LOW,True
Telecom tower radiation concern near residential apartment building. Area residents have filed joint representation regarding this.,Other,LOW,True
Voltage fluctuations damaged home electronics appliances like refrigerator and AC. Please resolve this issue as soon as possible.,Electricity,HIGH,True
Door-to-door waste collection vehicle has not visited area for past 5 days. Kindly look into this matter urgently.,Sanitation,MEDIUM,True
Illegal hoarding board installed without municipal permit blocking traffic view. Please send inspection team at the earliest.,Municipal Services,LOW,True
Employment exchange registration card renewal portal link broken. Area residents have filed joint representation regarding this.,Other,LOW,True
Street lights not working on Main Ring Road for over two weeks. Area residents have filed joint representation regarding this.,Electricity,MEDIUM,True
Mid-day meal quality provided to elementary students is stale and unsafe. Hoping for a quick resolution from government portal.,Education,CRITICAL,True
Pension payment not credited to senior citizen account for 2 consecutive months.,Other,HIGH,True
Sanitation workers burning dry leaves and plastic waste causing toxic smoke. Reference previous complaint number submitted last month.,Sanitation,MEDIUM,True
Drains along arterial road clogged causing severe waterlogging during rain. This issue has been persisting for several weeks now.,Roads and Transport,HIGH,True
Lack of functional toilets for girl students in District High School. Kindly look into this matter urgently.,Education,HIGH,True
Electric pole bent dangerously after heavy storm near primary school gate. Multiple reminders submitted to local ward officer but no action taken.,Electricity,CRITICAL,True
No electricity in entire colony since 10 PM yesterday despite multiple calls. Hoping for a quick resolution from government portal.,Electricity,HIGH,True
Bribery demand by patwari for updating land record mutation entry. Please resolve this issue as soon as possible.,Revenue,CRITICAL,True
Land boundary dispute resolution meeting postponed repeatedly. Hoping for a quick resolution from government portal.,Revenue,MEDIUM,True
Road resurfacing work left incomplete with loose gravel left everywhere. This issue has been persisting for several weeks now.,Roads and Transport,MEDIUM,True
Garbage overflow from community dustbin spreading terrible foul smell and flies. Multiple reminders submitted to local ward officer but no action taken.,Sanitation,HIGH,True
Garbage overflow from community dustbin spreading terrible foul smell and flies.,Sanitation,HIGH,True
Telecom tower radiation concern near residential apartment building. Requesting immediate intervention from higher authorities.,Other,LOW,True
RTE admission application rejected without valid reason by private school. Hoping for a quick resolution from government portal.,Education,MEDIUM,True
Pension payment not credited to senior citizen account for 2 consecutive months. Reference previous complaint number submitted last month.,Other,HIGH,True
Low voltage issue in rural feeder line causing irrigation pump failure. Please resolve this issue as soon as possible.,Electricity,HIGH,True
Delay in installing new smart meter for application number ELEC-2026-44. Please resolve this issue as soon as possible.,Electricity,LOW,True
Mosquito breeding in stagnant water near residential colony leading to dengue cases.,Sanitation,HIGH,True
Water tanker not arrived despite booking paid three days ago. Hoping for a quick resolution from government portal.,Water Supply,HIGH,True
Public bus service route 45 cancelled without prior notice during morning peak hours. Area residents have filed joint representation regarding this.,Roads and Transport,MEDIUM,True
Delay in issuing caste and domicile certificates required for college admission. Please send inspection team at the earliest.,Revenue,MEDIUM,True
"Low water pressure in 3rd Floor, Green Park Apartments since last week. Please send inspection team at the earliest.",Water Supply,MEDIUM,True
Computer lab equipment non-functional and lacking internet connection.,Education,LOW,True
Water bill incorrect for consumer ID W-98421. Overcharged by Rs 2500. Requesting immediate intervention from higher authorities.,Water Supply,LOW,True
Stray dog menace in residential colony with multiple biting incidents reported. Kindly look into this matter urgently.,Municipal Services,HIGH,True
Drains along arterial road clogged causing severe waterlogging during rain. Please send inspection team at the earliest.,Roads and Transport,HIGH,True
Encroachment on municipal public park land by private vendor structure.,Municipal Services,MEDIUM,True
Door-to-door waste collection vehicle has not visited area for past 5 days. Please resolve this issue as soon as possible.,Sanitation,MEDIUM,True
Primary Health Centre lacks essential emergency medicines and life-saving drugs. This issue has been persisting for several weeks now.,Healthcare,CRITICAL,True
Cleanliness and hygiene conditions in ward 4 of district hospital are extremely poor. Requesting immediate intervention from higher authorities.,Healthcare,HIGH,True
Drain cleaning debris left on roadside without removal. Citizens in our locality are suffering great inconvenience.,Sanitation,LOW,True
Requesting medical reimbursement status for Ayushman Bharat card claim. This issue has been persisting for several weeks now.,Healthcare,LOW,True
Traffic light signal out of order at Major Intersection causing gridlock.,Roads and Transport,MEDIUM,True
"Transformer sparked and caught fire near residential building, live wire dangling on street. Hoping for a quick resolution from government portal.",Electricity,CRITICAL,True
Garbage overflow from community dustbin spreading terrible foul smell and flies. Citizens in our locality are suffering great inconvenience.,Sanitation,HIGH,True
Ambulance helpline 108 did not respond for over 45 minutes during medical emergency. Area residents have filed joint representation regarding this.,Healthcare,CRITICAL,True
Electricity meter box uncovered and exposed to rain water near market entry. Requesting immediate intervention from higher authorities.,Electricity,HIGH,True
Drinking water filter in primary school out of order. Hoping for a quick resolution from government portal.,Education,MEDIUM,True
Speed breaker required near government high school zone to prevent rash driving. Multiple reminders submitted to local ward officer but no action taken.,Roads and Transport,LOW,True
Noise pollution from unauthorized commercial loudspeakers late at night. Requesting immediate intervention from higher authorities.,Municipal Services,MEDIUM,True
Sewage water mixing with drinking water line near community center. Please resolve this issue as soon as possible.,Water Supply,CRITICAL,True
Encroachment on government revenue land by local land mafia. Citizens in our locality are suffering great inconvenience.,Revenue,HIGH,True
Public bus service route 45 cancelled without prior notice during morning peak hours. This issue has been persisting for several weeks now.,Roads and Transport,MEDIUM,True
Complaining against rude behavior of staff at blood bank desk. Please resolve this issue as soon as possible.,Healthcare,LOW,True
Sewage water mixing with drinking water line near community center. Area residents have filed joint representation regarding this.,Water Supply,CRITICAL,True
Dangerous dead tree branch hanging over road needing immediate trimming. This issue has been persisting for several weeks now.,Municipal Services,HIGH,True
Mid-day meal quality provided to elementary students is stale and unsafe. Requesting immediate intervention from higher authorities.,Education,CRITICAL,True
Primary Health Centre lacks essential emergency medicines and life-saving drugs. Hoping for a quick resolution from government portal.,Healthcare,CRITICAL,True
Death certificate correction request pending at zonal ward office. Please resolve this issue as soon as possible.,Municipal Services,LOW,True
Consumer grievance regarding defective electronic product sold by store. Area residents have filed joint representation regarding this.,Other,LOW,True
Deep dangerous potholes on MG Road causing frequent accidents and traffic congestion. Please send inspection team at the earliest.,Roads and Transport,HIGH,True
Requesting extra dustbin placement near vegetable market. Area residents have filed joint representation regarding this.,Sanitation,LOW,True
Land survey measurement application pending with revenue inspector for 3 months. Reference previous complaint number submitted last month.,Revenue,MEDIUM,True
Mid-day meal quality provided to elementary students is stale and unsafe. Hoping for a quick resolution from government portal.,Education,CRITICAL,True
No electricity in entire colony since 10 PM yesterday despite multiple calls. Area residents have filed joint representation regarding this.,Electricity,HIGH,True
Deep dangerous potholes on MG Road causing frequent accidents and traffic congestion. Citizens in our locality are suffering great inconvenience.,Roads and Transport,HIGH,True
Lack of functional toilets for girl students in District High School.,Education,HIGH,True
Requesting extra dustbin placement near vegetable market. Please send inspection team at the earliest.,Sanitation,LOW,True
Building plan sanction approval delayed past statutory period. Multiple reminders submitted to local ward officer but no action taken.,Municipal Services,MEDIUM,True
Decomposing animal carcass lying on road side near market area. Citizens in our locality are suffering great inconvenience.,Sanitation,HIGH,True
Door-to-door waste collection vehicle has not visited area for past 5 days. Kindly look into this matter urgently.,Sanitation,MEDIUM,True
Crop damage compensation assessment not completed by revenue officer. This issue has been persisting for several weeks now.,Revenue,HIGH,True
Water bill incorrect for consumer ID W-98421. Overcharged by Rs 2500.,Water Supply,LOW,True
Water bill incorrect for consumer ID W-98421. Overcharged by Rs 2500. Multiple reminders submitted to local ward officer but no action taken.,Water Supply,LOW,True
Land boundary dispute resolution meeting postponed repeatedly. Requesting immediate intervention from higher authorities.,Revenue,MEDIUM,True
Noise pollution from unauthorized commercial loudspeakers late at night. Please resolve this issue as soon as possible.,Municipal Services,MEDIUM,True
Crop damage compensation assessment not completed by revenue officer. Please send inspection team at the earliest.,Revenue,HIGH,True
"Irregular municipal water supply timings in Block B, Janakpuri. Multiple reminders submitted to local ward officer but no action taken.",Water Supply,MEDIUM,True
Public water fountain in sector park is leaking continuously. Multiple reminders submitted to local ward officer but no action taken.,Water Supply,LOW,True
Pension payment not credited to senior citizen account for 2 consecutive months. Please send inspection team at the earliest.,Other,HIGH,True
Employment exchange registration card renewal portal link broken. Multiple reminders submitted to local ward officer but no action taken.,Other,LOW,True
Requesting new domestic water connection application status update.,Water Supply,LOW,True
Requesting extra dustbin placement near vegetable market. Please resolve this issue as soon as possible.,Sanitation,LOW,True
Sanitation workers burning dry leaves and plastic waste causing toxic smoke. Citizens in our locality are suffering great inconvenience.,Sanitation,MEDIUM,True
RTE admission application rejected without valid reason by private school. Reference previous complaint number submitted last month.,Education,MEDIUM,True
LPG cooking gas cylinder delivery delayed by over 10 days. Area residents have filed joint representation regarding this.,Other,MEDIUM,True
Sub-standard food provided to admitted patients in maternity ward. Reference previous complaint number submitted last month.,Healthcare,HIGH,True
LPG cooking gas cylinder delivery delayed by over 10 days. Reference previous complaint number submitted last month.,Other,MEDIUM,True
Primary Health Centre lacks essential emergency medicines and life-saving drugs. Multiple reminders submitted to local ward officer but no action taken.,Healthcare,CRITICAL,True
Encumbrance certificate issuance online portal server error. Multiple reminders submitted to local ward officer but no action taken.,Revenue,LOW,True
Primary Health Centre lacks essential emergency medicines and life-saving drugs.,Healthcare,CRITICAL,True
"Irregular municipal water supply timings in Block B, Janakpuri. Area residents have filed joint representation regarding this.",Water Supply,MEDIUM,True
Crop damage compensation assessment not completed by revenue officer.,Revenue,HIGH,True
Sub-standard food provided to admitted patients in maternity ward. Please resolve this issue as soon as possible.,Healthcare,HIGH,True
No water supply in Ward 12 for the past 4 days. Drinking water pipeline seems broken. This issue has been persisting for several weeks now.,Water Supply,HIGH,True
Free textbook distribution delayed for academic session 2026-27. Please resolve this issue as soon as possible.,Education,LOW,True
X-ray machine out of service for two weeks in community health post.,Healthcare,MEDIUM,True
Sewage water mixing with drinking water line near community center. Kindly look into this matter urgently.,Water Supply,CRITICAL,True
Overloaded dump trucks causing road collapse near river bridge construction site.,Roads and Transport,CRITICAL,True
Ambulance helpline 108 did not respond for over 45 minutes during medical emergency. Hoping for a quick resolution from government portal.,Healthcare,CRITICAL,True
Employment exchange registration card renewal portal link broken. Reference previous complaint number submitted last month.,Other,LOW,True
Free textbook distribution delayed for academic session 2026-27. Multiple reminders submitted to local ward officer but no action taken.,Education,LOW,True
Government school building roof leaking severely and ceiling plaster falling in classroom. Kindly look into this matter urgently.,Education,CRITICAL,True
Road resurfacing work left incomplete with loose gravel left everywhere. Area residents have filed joint representation regarding this.,Roads and Transport,MEDIUM,True
Encumbrance certificate issuance online portal server error. Hoping for a quick resolution from government portal.,Revenue,LOW,True
Stray dog menace in residential colony with multiple biting incidents reported.,Municipal Services,HIGH,True
Traffic light signal out of order at Major Intersection causing gridlock. Hoping for a quick resolution from government portal.,Roads and Transport,MEDIUM,True
Discrepancy in property valuation rate calculated for registration fee. This issue has been persisting for several weeks now.,Revenue,LOW,True
Delay in issuance of birth certificate after submission of all documents 30 days ago. Citizens in our locality are suffering great inconvenience.,Municipal Services,LOW,True
Ration card member addition application pending at food supply office. Citizens in our locality are suffering great inconvenience.,Other,LOW,True
LPG cooking gas cylinder delivery delayed by over 10 days. Multiple reminders submitted to local ward officer but no action taken.,Other,MEDIUM,True
Stamp duty refund request pending with Treasury department. Reference previous complaint number submitted last month.,Revenue,LOW,True
Sewage water mixing with drinking water line near community center. Requesting immediate intervention from higher authorities.,Water Supply,CRITICAL,True
Stamp duty refund request pending with Treasury department.,Revenue,LOW,True
Lack of proper street signage and reflectors on bypass highway curve. Kindly look into this matter urgently.,Roads and Transport,LOW,True
Mosquito breeding in stagnant water near residential colony leading to dengue cases. Kindly look into this matter urgently.,Sanitation,HIGH,True
Public bus service route 45 cancelled without prior notice during morning peak hours. This issue has been persisting for several weeks now.,Roads and Transport,MEDIUM,True
Drinking water filter in primary school out of order.,Education,MEDIUM,True
Speed breaker required near government high school zone to prevent rash driving. Requesting immediate intervention from higher authorities.,Roads and Transport,LOW,True
Property tax online payment portal showing error and transaction failed status.,Municipal Services,LOW,True
Computer lab equipment non-functional and lacking internet connection. Citizens in our locality are suffering great inconvenience.,Education,LOW,True
Commercial shop dumping chemical waste directly into public storm drain.,Sanitation,CRITICAL,True
Employment exchange registration card renewal portal link broken.,Other,LOW,True
Illegal hoarding board installed without municipal permit blocking traffic view. Requesting immediate intervention from higher authorities.,Municipal Services,LOW,True
Public bus service route 45 cancelled without prior notice during morning peak hours.,Roads and Transport,MEDIUM,True
Garbage overflow from community dustbin spreading terrible foul smell and flies. Please send inspection team at the earliest.,Sanitation,HIGH,True
Open sewage drain overflowing onto main street creating severe health hazard. Multiple reminders submitted to local ward officer but no action taken.,Sanitation,CRITICAL,True
Government hospital doctor absent during duty hours in casualty department.,Healthcare,CRITICAL,True
Drain cleaning debris left on roadside without removal. Citizens in our locality are suffering great inconvenience.,Sanitation,LOW,True
Crop damage compensation assessment not completed by revenue officer. Please resolve this issue as soon as possible.,Revenue,HIGH,True
Electricity meter box uncovered and exposed to rain water near market entry. Kindly look into this matter urgently.,Electricity,HIGH,True
Encroachment on municipal public park land by private vendor structure. Multiple reminders submitted to local ward officer but no action taken.,Municipal Services,MEDIUM,True
"Major water pipe burst near main crossroad, thousands of gallons wasted and road flooded. Reference previous complaint number submitted last month.",Water Supply,CRITICAL,True
Frequent unannounced power outages occurring daily from 2 PM to 6 PM in Sector 15. Please resolve this issue as soon as possible.,Electricity,MEDIUM,True
Open sewage drain overflowing onto main street creating severe health hazard. Please send inspection team at the earliest.,Sanitation,CRITICAL,True
Ration card member addition application pending at food supply office. Reference previous complaint number submitted last month.,Other,LOW,True
Electric pole bent dangerously after heavy storm near primary school gate. Citizens in our locality are suffering great inconvenience.,Electricity,CRITICAL,True
Pollution control board complaint regarding factory noise and smoke emissions. Please resolve this issue as soon as possible.,Other,HIGH,True
Bridge expansion joint loose and creating severe vibration for heavy vehicles.,Roads and Transport,CRITICAL,True
Commercial shop dumping chemical waste directly into public storm drain. Area residents have filed joint representation regarding this.,Sanitation,CRITICAL,True
RTI application response not provided within 30 days statutory limit. Hoping for a quick resolution from government portal.,Other,MEDIUM,True
Overloaded dump trucks causing road collapse near river bridge construction site. Hoping for a quick resolution from government portal.,Roads and Transport,CRITICAL,True
Mosquito breeding in stagnant water near residential colony leading to dengue cases. Reference previous complaint number submitted last month.,Sanitation,HIGH,True
Bribery demand by patwari for updating land record mutation entry. Citizens in our locality are suffering great inconvenience.,Revenue,CRITICAL,True
Dangerous dead tree branch hanging over road needing immediate trimming. Multiple reminders submitted to local ward officer but no action taken.,Municipal Services,HIGH,True
Encroachment on municipal public park land by private vendor structure. Hoping for a quick resolution from government portal.,Municipal Services,MEDIUM,True
Public water fountain in sector park is leaking continuously.,Water Supply,LOW,True
Delay in issuing caste and domicile certificates required for college admission. Please send inspection team at the earliest.,Revenue,MEDIUM,True
"Irregular municipal water supply timings in Block B, Janakpuri. Please send inspection team at the earliest.",Water Supply,MEDIUM,True
Electric pole bent dangerously after heavy storm near primary school gate. Hoping for a quick resolution from government portal.,Electricity,CRITICAL,True
Sub-standard food provided to admitted patients in maternity ward. Citizens in our locality are suffering great inconvenience.,Healthcare,HIGH,True
Shortage of mathematics and science teachers in senior secondary school for 6 months.,Education,MEDIUM,True
Stray dog menace in residential colony with multiple biting incidents reported. Area residents have filed joint representation regarding this.,Municipal Services,HIGH,True
Property tax online payment portal showing error and transaction failed status. Kindly look into this matter urgently.,Municipal Services,LOW,True
Scholarship disbursement delayed for SC ST welfare students. This issue has been persisting for several weeks now.,Education,MEDIUM,True
Water tanker not arrived despite booking paid three days ago. Area residents have filed joint representation regarding this.,Water Supply,HIGH,True
Delay in installing new smart meter for application number ELEC-2026-44. Hoping for a quick resolution from government portal.,Electricity,LOW,True
Encroachment on municipal public park land by private vendor structure. This issue has been persisting for several weeks now.,Municipal Services,MEDIUM,True
Pollution control board complaint regarding factory noise and smoke emissions.,Other,HIGH,True
RTI application response not provided within 30 days statutory limit. Multiple reminders submitted to local ward officer but no action taken.,Other,MEDIUM,True
Requesting medical reimbursement status for Ayushman Bharat card claim. Multiple reminders submitted to local ward officer but no action taken.,Healthcare,LOW,True
Errors in land ownership record (Khatauni) after digital record migration. Please send inspection team at the earliest.,Revenue,HIGH,True
Ambulance helpline 108 did not respond for over 45 minutes during medical emergency. Reference previous complaint number submitted last month.,Healthcare,CRITICAL,True
Requesting extra dustbin placement near vegetable market. Hoping for a quick resolution from government portal.,Sanitation,LOW,True
Deep dangerous potholes on MG Road causing frequent accidents and traffic congestion.,Roads and Transport,HIGH,True
Commercial shop dumping chemical waste directly into public storm drain. Area residents have filed joint representation regarding this.,Sanitation,CRITICAL,True
Sanitation workers burning dry leaves and plastic waste causing toxic smoke. Area residents have filed joint representation regarding this.,Sanitation,MEDIUM,True
Government hospital doctor absent during duty hours in casualty department. Please resolve this issue as soon as possible.,Healthcare,CRITICAL,True
Bribery demand by patwari for updating land record mutation entry. Multiple reminders submitted to local ward officer but no action taken.,Revenue,CRITICAL,True
Drinking water filter in primary school out of order. Please send inspection team at the earliest.,Education,MEDIUM,True
Delay in issuing caste and domicile certificates required for college admission. Reference previous complaint number submitted last month.,Revenue,MEDIUM,True
Public water fountain in sector park is leaking continuously. Citizens in our locality are suffering great inconvenience.,Water Supply,LOW,True
Voltage fluctuations damaged home electronics appliances like refrigerator and AC. Please resolve this issue as soon as possible.,Electricity,HIGH,True
Commercial shop dumping chemical waste directly into public storm drain. Multiple reminders submitted to local ward officer but no action taken.,Sanitation,CRITICAL,True
Door-to-door waste collection vehicle has not visited area for past 5 days. This issue has been persisting for several weeks now.,Sanitation,MEDIUM,True
Playground encroached by local construction material dumping.,Education,LOW,True
Lack of proper street signage and reflectors on bypass highway curve. Multiple reminders submitted to local ward officer but no action taken.,Roads and Transport,LOW,True
Lack of functional toilets for girl students in District High School. Kindly look into this matter urgently.,Education,HIGH,True
Noise pollution from unauthorized commercial loudspeakers late at night. Area residents have filed joint representation regarding this.,Municipal Services,MEDIUM,True
"Transformer sparked and caught fire near residential building, live wire dangling on street. Please send inspection team at the earliest.",Electricity,CRITICAL,True
Delay in issuance of birth certificate after submission of all documents 30 days ago.,Municipal Services,LOW,True
RTI application response not provided within 30 days statutory limit. Requesting immediate intervention from higher authorities.,Other,MEDIUM,True
Cyber fraud complaint regarding unauthorized UPI debit transaction from bank account. Reference previous complaint number submitted last month.,Other,CRITICAL,True
Decomposing animal carcass lying on road side near market area. Area residents have filed joint representation regarding this.,Sanitation,HIGH,True
Mosquito breeding in stagnant water near residential colony leading to dengue cases. This issue has been persisting for several weeks now.,Sanitation,HIGH,True
Cyber fraud complaint regarding unauthorized UPI debit transaction from bank account. Reference previous complaint number submitted last month.,Other,CRITICAL,True
Voltage fluctuations damaged home electronics appliances like refrigerator and AC. Area residents have filed joint representation regarding this.,Electricity,HIGH,True
Encumbrance certificate issuance online portal server error.,Revenue,LOW,True
Scholarship disbursement delayed for SC ST welfare students. Requesting immediate intervention from higher authorities.,Education,MEDIUM,True
Stray dog menace in residential colony with multiple biting incidents reported. Requesting immediate intervention from higher authorities.,Municipal Services,HIGH,True
Computer lab equipment non-functional and lacking internet connection. Kindly look into this matter urgently.,Education,LOW,True
